-- dpm-core-server 프로젝트용 시딩 SQL (2024-07-25)
-- 17기(일반 16명, 운영진 4명) 기준, 각 테이블 20개 이상, Enum/유효성/관계 반영

-- Cohorts (기수)
INSERT INTO cohorts (cohort_id, created_at, updated_at, value) VALUES
  (1, 1710000000, 1710000000, '17');

-- Teams (17기 4개팀)
INSERT INTO teams (team_id, cohort_id, number, created_at, updated_at) VALUES
  (1, 1, 1, 1710000000, 1710000000),
  (2, 1, 2, 1710000000, 1710000000),
  (3, 1, 3, 1710000000, 1710000000),
  (4, 1, 4, 1710000000, 1710000000);

-- Members (17기 20명, 8:2 비율로 운영진 4명)
INSERT INTO members (member_id, created_at, updated_at, deleted_at, email, name, part, status) VALUES
  (1, '2024-01-17 10:00:00', '2024-01-17 10:00:00', NULL, 'admin1@depromeet.com', '정준원', 'SERVER', 'ACTIVE'),
  (2, '2024-01-18 10:00:00', '2024-01-18 10:00:00', NULL, 'admin2@depromeet.com', '신민철', 'SERVER', 'ACTIVE'),
  (3, '2024-01-19 10:00:00', '2024-01-19 10:00:00', NULL, 'admin3@depromeet.com', '이한음', 'SERVER', 'ACTIVE'),
  (4, '2024-01-20 10:00:00', '2024-01-20 10:00:00', NULL, 'admin4@depromeet.com', '운영진4', 'WEB', 'ACTIVE'),
-- 운영진 4명
  (5, '2024-01-01 10:00:00', '2024-01-01 10:00:00', NULL, 'junwon@depromeet.com', '디퍼1', 'SERVER', 'ACTIVE'),
  (6, '2024-01-02 10:00:00', '2024-01-02 10:00:00', NULL, 'user2@depromeet.com', '디퍼2', 'ANDROID', 'ACTIVE'),
  (7, '2024-01-03 10:00:00', '2024-01-03 10:00:00', NULL, 'user3@depromeet.com', '디퍼3', 'SERVER', 'ACTIVE'),
  (8, '2024-01-04 10:00:00', '2024-01-04 10:00:00', NULL, 'user4@depromeet.com', '디퍼4', 'WEB', 'ACTIVE'),
  (9, '2024-01-05 10:00:00', '2024-01-05 10:00:00', NULL, 'user5@depromeet.com', '디퍼5', 'ANDROID', 'ACTIVE'),
  (10, '2024-01-06 10:00:00', '2024-01-06 10:00:00', NULL, 'user6@depromeet.com', '디퍼6', 'SERVER', 'ACTIVE'),
  (11, '2024-01-07 10:00:00', '2024-01-07 10:00:00', NULL, 'user7@depromeet.com', '디퍼7', 'WEB', 'ACTIVE'),
  (12, '2024-01-08 10:00:00', '2024-01-08 10:00:00', NULL, 'user8@depromeet.com', '디퍼8', 'ANDROID', 'ACTIVE'),
  (13, '2024-01-09 10:00:00', '2024-01-09 10:00:00', NULL, 'user9@depromeet.com', '디퍼9', 'SERVER', 'ACTIVE'),
  (14, '2024-01-10 10:00:00', '2024-01-10 10:00:00', NULL, 'user10@depromeet.com', '디퍼10', 'WEB', 'ACTIVE'),
  (15, '2024-01-11 10:00:00', '2024-01-11 10:00:00', NULL, 'user11@depromeet.com', '디퍼11', 'ANDROID', 'ACTIVE'),
  (16, '2024-01-12 10:00:00', '2024-01-12 10:00:00', NULL, 'user12@depromeet.com', '디퍼12', 'SERVER', 'ACTIVE'),
  (17, '2024-01-13 10:00:00', '2024-01-13 10:00:00', NULL, 'user13@depromeet.com', '디퍼13', 'WEB', 'ACTIVE'),
  (18, '2024-01-14 10:00:00', '2024-01-14 10:00:00', NULL, 'user14@depromeet.com', '디퍼14', 'ANDROID', 'ACTIVE'),
  (19, '2024-01-15 10:00:00', '2024-01-15 10:00:00', NULL, 'user15@depromeet.com', '디퍼15', 'SERVER', 'ACTIVE'),
  (20, '2024-01-16 10:00:00', '2024-01-16 10:00:00', NULL, 'user16@depromeet.com', '디퍼16', 'WEB', 'ACTIVE');

-- Member Cohorts (모든 멤버 17기)
INSERT INTO member_cohorts (member_cohort_id, member_id, cohort_id) VALUES
  (1, 1, 1), (2, 2, 1), (3, 3, 1), (4, 4, 1), (5, 5, 1),
  (6, 6, 1), (7, 7, 1), (8, 8, 1), (9, 9, 1),
  (10, 10, 1),
  (11, 11, 1), (12, 12, 1), (13, 13, 1), (14, 14, 1),
  (15, 15, 1), (16, 16, 1), (17, 17, 1), (18, 18, 1),
  (19, 19, 1), (20, 20, 1);

-- Authorities (권한)
INSERT INTO authorities (authority_id, created_at, updated_at, name) VALUES
  (1, '2024-01-01 10:00:00', '2024-01-01 10:00:00', 'ROLE_USER'),
  (2, '2024-01-01 10:00:00', '2024-01-01 10:00:00', 'ROLE_ADMIN');

-- Member Authorities (운영진은 ROLE_ADMIN, 나머지는 ROLE_USER)
INSERT INTO member_authorities (member_authority_id, member_id, authority_id, granted_at, deleted_at) VALUES
  (1, 1, 1, '2024-01-01 10:00:00', NULL),
  (2, 2, 1, '2024-01-02 10:00:00', NULL),
  (3, 3, 1, '2024-01-03 10:00:00', NULL),
  (4, 4, 1, '2024-01-04 10:00:00', NULL),
  (5, 5, 1, '2024-01-05 10:00:00', NULL),
  (6, 6, 1, '2024-01-06 10:00:00', NULL),
  (7, 7, 1, '2024-01-07 10:00:00', NULL),
  (8, 8, 1, '2024-01-08 10:00:00', NULL),
  (9, 9, 1, '2024-01-09 10:00:00', NULL),
  (10, 10, 1, '2024-01-10 10:00:00', NULL),
  (11, 11, 1, '2024-01-11 10:00:00', NULL),
  (12, 12, 1, '2024-01-12 10:00:00', NULL),
  (13, 13, 1, '2024-01-13 10:00:00', NULL),
  (14, 14, 1, '2024-01-14 10:00:00', NULL),
  (15, 15, 1, '2024-01-15 10:00:00', NULL),
  (16, 16, 1, '2024-01-16 10:00:00', NULL),
  (17, 17, 2, '2024-01-17 10:00:00', NULL),
  (18, 18, 2, '2024-01-18 10:00:00', NULL),
  (19, 19, 2, '2024-01-19 10:00:00', NULL),
  (20, 20, 2, '2024-01-20 10:00:00', NULL);

-- Bill Accounts (다양한 은행/계좌/유형)
INSERT INTO bill_accounts (bill_account_id, created_at, updated_at, deleted_at, account_holder_name, account_type, bank_name, bill_account_value) VALUES
  (1, '2024-01-01 10:00:00', '2024-01-01 10:00:00', NULL, '정준원', 'ACCOUNT', '국민', '3333-12-1234567'),
  (2, '2024-01-02 10:00:00', '2024-01-02 10:00:00', NULL, '김철수', 'ACCOUNT', '신한', '110-123-456789'),
  (3, '2024-01-03 10:00:00', '2024-01-03 10:00:00', NULL, '이영희', 'ACCOUNT', '국민', '123-45-678901'),
  (4, '2024-01-04 10:00:00', '2024-01-04 10:00:00', NULL, '박민수', 'ACCOUNT', '우리', '1002-123-456789'),
  (5, '2024-01-05 10:00:00', '2024-01-05 10:00:00', NULL, '최지우', 'ACCOUNT', '농협', '301-1234-5678-91'),
  (6, '2024-01-06 10:00:00', '2024-01-06 10:00:00', NULL, '정다은', 'ACCOUNT', '하나', '620-123456-78910'),
  (7, '2024-01-07 10:00:00', '2024-01-07 10:00:00', NULL, '한지민', 'ACCOUNT', 'IBK', '003-12-123456'),
  (8, '2024-01-08 10:00:00', '2024-01-08 10:00:00', NULL, '오세훈', 'ACCOUNT', '부산', '101-1234-5678-90'),
  (9, '2024-01-09 10:00:00', '2024-01-09 10:00:00', NULL, '유재석', 'ACCOUNT', '대구', '504-12-345678-9'),
  (10, '2024-01-10 10:00:00', '2024-01-10 10:00:00', NULL, '이효리', 'ACCOUNT', '광주', '110-123-456789'),
  (11, '2024-01-11 10:00:00', '2024-01-11 10:00:00', NULL, '장동건', 'ACCOUNT', '제주', '064-123-4567'),
  (12, '2024-01-12 10:00:00', '2024-01-12 10:00:00', NULL, '김태희', 'ACCOUNT', '수협', '201-12-345678'),
  (13, '2024-01-13 10:00:00', '2024-01-13 10:00:00', NULL, '송중기', 'ACCOUNT', 'SC제일', '532-123456-78-901'),
  (14, '2024-01-14 10:00:00', '2024-01-14 10:00:00', NULL, '전지현', 'ACCOUNT', '카카오뱅크', '3333-12-9876543'),
  (15, '2024-01-15 10:00:00', '2024-01-15 10:00:00', NULL, '공유', 'ACCOUNT', '신한', '110-987-654321'),
  (16, '2024-01-16 10:00:00', '2024-01-16 10:00:00', NULL, '수지', 'ACCOUNT', '국민', '123-98-765432'),
  (17, '2024-01-17 10:00:00', '2024-01-17 10:00:00', NULL, '운영진1', 'ACCOUNT', '우리', '1002-987-654321'),
  (18, '2024-01-18 10:00:00', '2024-01-18 10:00:00', NULL, '운영진2', 'ACCOUNT', '농협', '301-4321-8765-09'),
  (19, '2024-01-19 10:00:00', '2024-01-19 10:00:00', NULL, '운영진3', 'ACCOUNT', '하나', '620-987654-32109'),
  (20, '2024-01-20 10:00:00', '2024-01-20 10:00:00', NULL, '운영진4', 'ACCOUNT', 'IBK', '003-98-765432');

-- Bills (정산, 다양한 상태/계좌/호스트/여러 회식)
INSERT INTO bills (bill_id, bill_account_id, created_at, updated_at, deleted_at, host_user_id, bill_status, title, description, completed_at) VALUES
  (1, 1, '2024-01-01 10:00:00', '2024-01-01 10:00:00', NULL, 17, 'OPEN', '1차 회식 정산', '1차 회식에 대한 정산입니다.', '2024-01-10 10:00:00'),
  (2, 2, '2024-01-02 10:00:00', '2024-01-02 10:00:00', NULL, 18, 'OPEN', '2차 회식 정산', '2차 회식에 대한 정산입니다.', NULL),
  (3, 3, '2024-01-03 10:00:00', '2024-01-03 10:00:00', NULL, 19, 'OPEN', '3차 회식 정산', '3차 회식에 대한 정산입니다.', NULL),
  (4, 4, '2024-01-04 10:00:00', '2024-01-04 10:00:00', NULL, 20, 'PENDING', '4차 회식 정산', '4차 회식에 대한 정산입니다.', NULL),
  (5, 5, '2024-01-05 10:00:00', '2024-01-05 10:00:00', NULL, 1, 'OPEN', '5차 회식 정산', '5차 회식에 대한 정산입니다.', '2024-01-15 10:00:00'),
  (6, 6, '2024-01-06 10:00:00', '2024-01-06 10:00:00', NULL, 2, 'OPEN', '6차 회식 정산', '6차 회식에 대한 정산입니다.', '2024-01-16 10:00:00'),
  (7, 7, '2024-01-07 10:00:00', '2024-01-07 10:00:00', NULL, 3, 'OPEN', '7차 회식 정산', '7차 회식에 대한 정산입니다.', '2024-01-17 10:00:00'),
  (8, 8, '2024-01-08 10:00:00', '2024-01-08 10:00:00', NULL, 4, 'IN_PROGRESS', '8차 회식 정산', '8차 회식에 대한 정산입니다.', '2024-01-18 10:00:00'),
  (9, 9, '2024-01-09 10:00:00', '2024-01-09 10:00:00', NULL, 5, 'IN_PROGRESS', '9차 회식 정산', '9차 회식에 대한 정산입니다.', '2024-01-19 10:00:00'),
  (10, 10, '2024-01-10 10:00:00', '2024-01-10 10:00:00', NULL, 6, 'IN_PROGRESS', '10차 회식 정산', '10차 회식에 대한 정산입니다.', '2024-01-20 10:00:00'),
  (11, 11, '2024-01-11 10:00:00', '2024-01-11 10:00:00', NULL, 7, 'IN_PROGRESS', '11차 회식 정산', '11차 회식에 대한 정산입니다.', '2024-01-21 10:00:00'),
  (12, 12, '2024-01-12 10:00:00', '2024-01-12 10:00:00', NULL, 8, 'IN_PROGRESS', '12차 회식 정산', '12차 회식에 대한 정산입니다.', '2024-01-22 10:00:00'),
  (13, 13, '2024-01-13 10:00:00', '2024-01-13 10:00:00', NULL, 9, 'IN_PROGRESS', '13차 회식 정산', '13차 회식에 대한 정산입니다.', '2024-01-23 10:00:00'),
  (14, 14, '2024-01-14 10:00:00', '2024-01-14 10:00:00', NULL, 10, 'COMPLETED', '14차 회식 정산', '14차 회식에 대한 정산입니다.', '2024-01-24 10:00:00'),
  (15, 15, '2024-01-15 10:00:00', '2024-01-15 10:00:00', NULL, 11, 'COMPLETED', '15차 회식 정산', '15차 회식에 대한 정산입니다.', '2024-01-25 10:00:00'),
  (16, 16, '2024-01-16 10:00:00', '2024-01-16 10:00:00', NULL, 12, 'COMPLETED', '16차 회식 정산', '16차 회식에 대한 정산입니다.', '2024-01-26 10:00:00'),
  (17, 17, '2024-01-17 10:00:00', '2024-01-17 10:00:00', NULL, 13, 'COMPLETED', '17차 회식 정산', '17차 회식에 대한 정산입니다.', '2024-01-27 10:00:00'),
  (18, 18, '2024-01-18 10:00:00', '2024-01-18 10:00:00', NULL, 14, 'COMPLETED', '18차 회식 정산', '18차 회식에 대한 정산입니다.', '2024-01-28 10:00:00'),
  (19, 19, '2024-01-19 10:00:00', '2024-01-19 10:00:00', NULL, 15, 'COMPLETED', '19차 회식 정산', '19차 회식에 대한 정산입니다.', '2024-01-29 10:00:00'),
  (20, 20, '2024-01-20 10:00:00', '2024-01-20 10:00:00', NULL, 16, 'COMPLETED', '20차 회식 정산', '20차 회식에 대한 정산입니다.', '2024-01-30 10:00:00');

-- Gatherings (하나의 정산에 여러 회식, 다양한 카테고리/호스트/차수)
INSERT INTO gatherings (gathering_id, bill_id, created_at, updated_at, deleted_at, host_user_id, round_number, held_at, category, title, description) VALUES
  (1, 1, '2024-01-01 10:00:00', '2024-01-01 10:00:00', NULL, 1, 1, '2024-01-05 19:00:00', '회식', '1차 회식', '첫 번째 회식입니다.'),
  (2, 1, '2024-01-01 10:00:00', '2024-01-01 10:00:00', NULL, 1, 2, '2024-01-05 21:00:00', '회식', '2차 회식', '두 번째 회식입니다.'),
  (3, 2, '2024-01-02 10:00:00', '2024-01-02 10:00:00', NULL, 1, 1, '2024-01-06 19:00:00', '회식', '1차 회식', '세 번째 회식입니다.'),
  (4, 2, '2024-01-02 10:00:00', '2024-01-02 10:00:00', NULL, 1, 2, '2024-01-06 21:00:00', '회식', '2차 회식', '네 번째 회식입니다.'),
  (5, 3, '2024-01-03 10:00:00', '2024-01-03 10:00:00', NULL, 1, 1, '2024-01-07 19:00:00', '회식', '1차 회식', '다섯 번째 회식입니다.'),
  (6, 4, '2024-01-04 10:00:00', '2024-01-04 10:00:00', NULL, 1, 1, '2024-01-08 19:00:00', '회식', '1차 회식', '여섯 번째 회식입니다.'),
  (7, 5, '2024-01-05 10:00:00', '2024-01-05 10:00:00', NULL, 1, 1, '2024-01-09 19:00:00', '회식', '1차 회식', '일곱 번째 회식입니다.'),
  (8, 6, '2024-01-06 10:00:00', '2024-01-06 10:00:00', NULL, 2, 1, '2024-01-10 19:00:00', '회식', '1차 회식', '여덟 번째 회식입니다.'),
  (9, 7, '2024-01-07 10:00:00', '2024-01-07 10:00:00', NULL, 3, 1, '2024-01-11 19:00:00', '회식', '1차 회식', '아홉 번째 회식입니다.'),
  (10, 8, '2024-01-08 10:00:00', '2024-01-08 10:00:00', NULL, 4, 1, '2024-01-12 19:00:00', '회식', '1차 회식', '열 번째 회식입니다.'),
  (11, 9, '2024-01-09 10:00:00', '2024-01-09 10:00:00', NULL, 5, 1, '2024-01-13 19:00:00', '회식', '1차 회식', '열한 번째 회식입니다.'),
  (12, 10, '2024-01-10 10:00:00', '2024-01-10 10:00:00', NULL, 6, 1, '2024-01-14 19:00:00', '회식', '1차 회식', '열두 번째 회식입니다.'),
  (13, 11, '2024-01-11 10:00:00', '2024-01-11 10:00:00', NULL, 7, 1, '2024-01-15 19:00:00', '회식', '1차 회식', '열세 번째 회식입니다.'),
  (14, 12, '2024-01-12 10:00:00', '2024-01-12 10:00:00', NULL, 8, 1, '2024-01-16 19:00:00', '회식', '1차 회식', '열네 번째 회식입니다.'),
  (15, 13, '2024-01-13 10:00:00', '2024-01-13 10:00:00', NULL, 9, 1, '2024-01-17 19:00:00', '회식', '1차 회식', '열다섯 번째 회식입니다.'),
  (16, 14, '2024-01-14 10:00:00', '2024-01-14 10:00:00', NULL, 10, 1, '2024-01-18 19:00:00', '회식', '1차 회식', '열여섯 번째 회식입니다.'),
  (17, 15, '2024-01-15 10:00:00', '2024-01-15 10:00:00', NULL, 11, 1, '2024-01-19 19:00:00', '회식', '1차 회식', '열일곱 번째 회식입니다.'),
  (18, 16, '2024-01-16 10:00:00', '2024-01-16 10:00:00', NULL, 12, 1, '2024-01-20 19:00:00', '회식', '1차 회식', '열여덟 번째 회식입니다.'),
  (19, 17, '2024-01-17 10:00:00', '2024-01-17 10:00:00', NULL, 13, 1, '2024-01-21 19:00:00', '회식', '1차 회식', '열아홉 번째 회식입니다.'),
  (20, 18, '2024-01-18 10:00:00', '2024-01-18 10:00:00', NULL, 14, 1, '2024-01-22 19:00:00', '회식', '1차 회식', '스무 번째 회식입니다.');

-- Gathering Members (회식 멤버, 각 회식에 2명씩)
INSERT INTO gathering_members (gathering_member_id, gathering_id, member_id, is_checked, is_joined, created_at, updated_at, deleted_at, completed_at) VALUES
  (1, 1, 1, b'1', b'1', '2024-01-01 10:00:00', '2024-01-01 10:00:00', NULL, NULL),
  (2, 1, 2, b'0', b'1', '2024-01-01 10:00:00', '2024-01-01 10:00:00', NULL, NULL),
  (3, 2, 3, b'1', b'1', '2024-01-01 10:00:00', '2024-01-01 10:00:00', NULL, NULL),
  (4, 2, 4, b'0', b'0', '2024-01-01 10:00:00', '2024-01-01 10:00:00', NULL, NULL),
  (5, 3, 5, b'1', b'1', '2024-01-02 10:00:00', '2024-01-02 10:00:00', NULL, NULL),
  (6, 3, 6, b'0', b'1', '2024-01-02 10:00:00', '2024-01-02 10:00:00', NULL, NULL),
  (7, 4, 7, b'1', b'1', '2024-01-02 10:00:00', '2024-01-02 10:00:00', NULL, NULL),
  (8, 4, 8, b'0', b'0', '2024-01-02 10:00:00', '2024-01-02 10:00:00', NULL, NULL),
  (9, 5, 9, b'1', b'1', '2024-01-03 10:00:00', '2024-01-03 10:00:00', NULL, NULL),
  (10, 5, 10, b'0', b'1', '2024-01-03 10:00:00', '2024-01-03 10:00:00', NULL, NULL),
  (11, 6, 11, b'1', b'1', '2024-01-04 10:00:00', '2024-01-04 10:00:00', NULL, NULL),
  (12, 6, 12, b'0', b'0', '2024-01-04 10:00:00', '2024-01-04 10:00:00', NULL, NULL),
  (13, 7, 13, b'1', b'1', '2024-01-05 10:00:00', '2024-01-05 10:00:00', NULL, NULL),
  (14, 7, 14, b'0', b'1', '2024-01-05 10:00:00', '2024-01-05 10:00:00', NULL, NULL),
  (15, 8, 15, b'1', b'1', '2024-01-06 10:00:00', '2024-01-06 10:00:00', NULL, NULL),
  (16, 8, 16, b'0', b'0', '2024-01-06 10:00:00', '2024-01-06 10:00:00', NULL, NULL),
  (17, 9, 17, b'1', b'1', '2024-01-07 10:00:00', '2024-01-07 10:00:00', NULL, NULL),
  (18, 9, 18, b'0', b'1', '2024-01-07 10:00:00', '2024-01-07 10:00:00', NULL, NULL),
  (19, 10, 19, b'1', b'1', '2024-01-08 10:00:00', '2024-01-08 10:00:00', NULL, NULL),
  (20, 10, 20, b'0', b'0', '2024-01-08 10:00:00', '2024-01-08 10:00:00', NULL, NULL),
  (21, 10, 20, b'0', b'0', '2024-01-08 10:00:00', '2024-01-08 10:00:00', NULL, NULL),
  (22, 10, 20, b'0', b'0', '2024-01-08 10:00:00', '2024-01-08 10:00:00', NULL, NULL),
  (23, 11, 20, b'0', b'0', '2024-01-08 10:00:00', '2024-01-08 10:00:00', NULL, NULL),
  (24, 12, 20, b'0', b'0', '2024-01-08 10:00:00', '2024-01-08 10:00:00', NULL, NULL),
  (25, 13, 20, b'0', b'0', '2024-01-08 10:00:00', '2024-01-08 10:00:00', NULL, NULL),
  (26, 14, 20, b'0', b'0', '2024-01-08 10:00:00', '2024-01-08 10:00:00', NULL, NULL),
  (27, 15, 20, b'0', b'0', '2024-01-08 10:00:00', '2024-01-08 10:00:00', NULL, NULL),
  (28, 16, 20, b'0', b'0', '2024-01-08 10:00:00', '2024-01-08 10:00:00', NULL, NULL),
  (29, 17, 20, b'0', b'0', '2024-01-08 10:00:00', '2024-01-08 10:00:00', NULL, NULL),
  (30, 18, 20, b'0', b'0', '2024-01-08 10:00:00', '2024-01-08 10:00:00', NULL, NULL),
  (31, 18, 20, b'0', b'0', '2024-01-08 10:00:00', '2024-01-08 10:00:00', NULL, NULL),
  (32, 18, 20, b'0', b'0', '2024-01-08 10:00:00', '2024-01-08 10:00:00', NULL, NULL),
  (33, 19, 20, b'0', b'0', '2024-01-08 10:00:00', '2024-01-08 10:00:00', NULL, NULL),
  (34, 19, 20, b'0', b'0', '2024-01-08 10:00:00', '2024-01-08 10:00:00', NULL, NULL),
  (35, 20, 20, b'0', b'0', '2024-01-08 10:00:00', '2024-01-08 10:00:00', NULL, NULL),
(36, 20, 20, b'0', b'0', '2024-01-08 10:00:00', '2024-01-08 10:00:00', NULL, NULL);

-- Gathering Receipts (회식 영수증)
INSERT INTO gathering_receipts (receipt_id, gathering_id, amount, split_amount, created_at, updated_at, deleted_at) VALUES
  (1, 1, 100000, NULL, '2024-01-05 20:00:00', '2024-01-05 20:00:00', NULL),
  (2, 2, 120000, NULL, '2024-01-05 22:00:00', '2024-01-05 22:00:00', NULL),
  (3, 3, 90000, NULL, '2024-01-06 20:00:00', '2024-01-06 20:00:00', NULL),
  (4, 4, 110000, NULL, '2024-01-06 22:00:00', '2024-01-06 22:00:00', NULL),
  (5, 5, 95000, NULL, '2024-01-07 20:00:00', '2024-01-07 20:00:00', NULL),
  (6, 6, 105000, NULL, '2024-01-08 20:00:00', '2024-01-08 20:00:00', NULL),
  (7, 7, 98000, NULL, '2024-01-09 20:00:00', '2024-01-09 20:00:00', NULL),
  (8, 8, 102000, NULL, '2024-01-10 20:00:00', '2024-01-10 20:00:00', NULL),
  (9, 9, 97000, NULL, '2024-01-11 20:00:00', '2024-01-11 20:00:00', NULL),
  (10, 10, 101000, 50500, '2024-01-12 20:00:00', '2024-01-12 20:00:00', NULL),
  (11, 11, 99000, 49500, '2024-01-13 20:00:00', '2024-01-13 20:00:00', NULL),
  (12, 12, 103000, 51500, '2024-01-14 20:00:00', '2024-01-14 20:00:00', NULL),
  (13, 13, 96000, 48000, '2024-01-15 20:00:00', '2024-01-15 20:00:00', NULL),
  (14, 14, 104000, 52000, '2024-01-16 20:00:00', '2024-01-16 20:00:00', NULL),
  (15, 15, 95000, 47500, '2024-01-17 20:00:00', '2024-01-17 20:00:00', NULL),
  (16, 16, 105000, NULL, '2024-01-18 20:00:00', '2024-01-18 20:00:00', NULL),
  (17, 17, 98000, NULL, '2024-01-19 20:00:00', '2024-01-19 20:00:00', NULL),
  (18, 18, 102000, NULL, '2024-01-20 20:00:00', '2024-01-20 20:00:00', NULL),
  (19, 19, 97000, NULL, '2024-01-21 20:00:00', '2024-01-21 20:00:00', NULL),
  (20, 20, 101000, NULL, '2024-01-22 20:00:00', '2024-01-22 20:00:00', NULL);

-- Gathering Receipt Photos (영수증 사진)
INSERT INTO gathering_receipt_photos (receipt_photo_id, receipt_id, url, created_at, updated_at, deleted_at) VALUES
  (1, 1, 'https://example.com/receipt1.jpg', '2024-01-05 20:10:00', '2024-01-05 20:10:00', NULL),
  (2, 2, 'https://example.com/receipt2.jpg', '2024-01-05 22:10:00', '2024-01-05 22:10:00', NULL),
  (3, 3, 'https://example.com/receipt3.jpg', '2024-01-06 20:10:00', '2024-01-06 20:10:00', NULL),
  (4, 4, 'https://example.com/receipt4.jpg', '2024-01-06 22:10:00', '2024-01-06 22:10:00', NULL),
  (5, 5, 'https://example.com/receipt5.jpg', '2024-01-07 20:10:00', '2024-01-07 20:10:00', NULL),
  (6, 6, 'https://example.com/receipt6.jpg', '2024-01-08 20:10:00', '2024-01-08 20:10:00', NULL),
  (7, 7, 'https://example.com/receipt7.jpg', '2024-01-09 20:10:00', '2024-01-09 20:10:00', NULL),
  (8, 8, 'https://example.com/receipt8.jpg', '2024-01-10 20:10:00', '2024-01-10 20:10:00', NULL),
  (9, 9, 'https://example.com/receipt9.jpg', '2024-01-11 20:10:00', '2024-01-11 20:10:00', NULL),
  (10, 10, 'https://example.com/receipt10.jpg', '2024-01-12 20:10:00', '2024-01-12 20:10:00', NULL),
  (11, 11, 'https://example.com/receipt11.jpg', '2024-01-13 20:10:00', '2024-01-13 20:10:00', NULL),
  (12, 12, 'https://example.com/receipt12.jpg', '2024-01-14 20:10:00', '2024-01-14 20:10:00', NULL),
  (13, 13, 'https://example.com/receipt13.jpg', '2024-01-15 20:10:00', '2024-01-15 20:10:00', NULL),
  (14, 14, 'https://example.com/receipt14.jpg', '2024-01-16 20:10:00', '2024-01-16 20:10:00', NULL),
  (15, 15, 'https://example.com/receipt15.jpg', '2024-01-17 20:10:00', '2024-01-17 20:10:00', NULL),
  (16, 16, 'https://example.com/receipt16.jpg', '2024-01-18 20:10:00', '2024-01-18 20:10:00', NULL),
  (17, 17, 'https://example.com/receipt17.jpg', '2024-01-19 20:10:00', '2024-01-19 20:10:00', NULL),
  (18, 18, 'https://example.com/receipt18.jpg', '2024-01-20 20:10:00', '2024-01-20 20:10:00', NULL),
  (19, 19, 'https://example.com/receipt19.jpg', '2024-01-21 20:10:00', '2024-01-21 20:10:00', NULL),
  (20, 20, 'https://example.com/receipt20.jpg', '2024-01-22 20:10:00', '2024-01-22 20:10:00', NULL);

-- Member OAuth (소셜 로그인)
INSERT INTO member_oauth (member_oauth_id, member_id, external_id, provider) VALUES
  (1, 1, 'oauth-1', 'google'), (2, 2, 'oauth-2', 'kakao'), (3, 3, 'oauth-3', 'naver'), (4, 4, 'oauth-4', 'apple'),
  (5, 5, 'oauth-5', 'google'), (6, 6, 'oauth-6', 'kakao'), (7, 7, 'oauth-7', 'naver'), (8, 8, 'oauth-8', 'apple'),
  (9, 9, 'oauth-9', 'google'), (10, 10, 'oauth-10', 'kakao'), (11, 11, 'oauth-11', 'naver'), (12, 12, 'oauth-12', 'apple'),
  (13, 13, 'oauth-13', 'google'), (14, 14, 'oauth-14', 'kakao'), (15, 15, 'oauth-15', 'naver'), (16, 16, 'oauth-16', 'apple'),
  (17, 17, 'oauth-17', 'google'), (18, 18, 'oauth-18', 'kakao'), (19, 19, 'oauth-19', 'naver'), (20, 20, 'oauth-20', 'apple');

-- Member Teams (팀-멤버 매핑, 각 팀 5명씩)
INSERT INTO member_teams (member_team_id, member_id, team_id) VALUES
  (1, 1, 1), (2, 2, 1), (3, 3, 1), (4, 4, 1), (5, 5, 1),
  (6, 6, 2), (7, 7, 2), (8, 8, 2), (9, 9, 2), (10, 10, 2),
  (11, 11, 3), (12, 12, 3), (13, 13, 3), (14, 14, 3), (15, 15, 3),
  (16, 16, 4), (17, 17, 4), (18, 18, 4), (19, 19, 4), (20, 20, 4);

-- Refresh Tokens (리프레시 토큰)
INSERT INTO refresh_tokens (member_id, token) VALUES
  (1, 'refresh-token-1'), (2, 'refresh-token-2'), (3, 'refresh-token-3'), (4, 'refresh-token-4'), (5, 'refresh-token-5'),
  (6, 'refresh-token-6'), (7, 'refresh-token-7'), (8, 'refresh-token-8'), (9, 'refresh-token-9'), (10, 'refresh-token-10'),
  (11, 'refresh-token-11'), (12, 'refresh-token-12'), (13, 'refresh-token-13'), (14, 'refresh-token-14'), (15, 'refresh-token-15'),
  (16, 'refresh-token-16'), (17, 'refresh-token-17'), (18, 'refresh-token-18'), (19, 'refresh-token-19'), (20, 'refresh-token-20');

-- Sessions (세션)
INSERT INTO sessions (session_id, cohort_id, week, event_name, place, is_online, date, attendance_start, attendance_code) VALUES
  (1, 1, 1, '17기 OT', '공덕 프론트원', b'0', '2025-08-02 14:00:00', '2025-08-02 14:00:00', '3821'),
  (2, 1, 2, '17기 세션2', '공덕 프론트원', b'0', '2025-08-09 14:00:00', '2025-08-09 14:00:00', '1234'),
  (3, 1, 3, '17기 세션3', '강남역 모임공간', b'1', '2025-08-16 14:00:00', '2025-08-16 14:00:00', '5678'),
  (4, 1, 4, '17기 세션4', '강남역 모임공간', b'1', '2025-08-23 14:00:00', '2025-08-23 14:00:00', '9101'),
  (5, 1, 5, '17기 세션5', '홍대 카페', b'0', '2025-08-30 14:00:00', '2025-08-30 14:00:00', '1122'),
  (6, 1, 6, '17기 세션6', '홍대 카페', b'0', '2025-09-06 14:00:00', '2025-09-06 14:00:00', '3344'),
  (7, 1, 7, '17기 세션7', '신촌 스터디룸', b'1', '2025-09-13 14:00:00', '2025-09-13 14:00:00', '5566'),
  (8, 1, 8, '17기 세션8', '신촌 스터디룸', b'1', '2025-09-20 14:00:00', '2025-09-20 14:00:00', '7788'),
  (9, 1, 9, '17기 세션9', '건대 모임공간', b'0', '2025-09-27 14:00:00', '2025-09-27 14:00:00', '9900'),
  (10, 1, 10, '17기 세션10', '건대 모임공간', b'0', '2025-10-04 14:00:00', '2025-10-04 14:00:00', '2233'),
  (11, 1, 11, '17기 세션11', '잠실 회의실', b'1', '2025-10-11 14:00:00', '2025-10-11 14:00:00', '4455'),
  (12, 1, 12, '17기 세션12', '잠실 회의실', b'1', '2025-10-18 14:00:00', '2025-10-18 14:00:00', '6677'),
  (13, 1, 13, '17기 세션13', '종로 카페', b'0', '2025-10-25 14:00:00', '2025-10-25 14:00:00', '8899'),
  (14, 1, 14, '17기 세션14', '종로 카페', b'0', '2025-11-01 14:00:00', '2025-11-01 14:00:00', '1010'),
  (15, 1, 15, '17기 세션15', '서초 스터디룸', b'1', '2025-11-08 14:00:00', '2025-11-08 14:00:00', '2020'),
  (16, 1, 16, '17기 세션16', '서초 스터디룸', b'1', '2025-11-15 14:00:00', '2025-11-15 14:00:00', '3030'),
  (17, 1, 17, '17기 세션17', '노원 모임공간', b'0', '2025-11-22 14:00:00', '2025-11-22 14:00:00', '4040'),
  (18, 1, 18, '17기 세션18', '노원 모임공간', b'0', '2025-11-29 14:00:00', '2025-11-29 14:00:00', '5050'),
  (19, 1, 19, '17기 세션19', '수원 회의실', b'1', '2025-12-06 14:00:00', '2025-12-06 14:00:00', '6060'),
  (20, 1, 20, '17기 세션20', '수원 회의실', b'1', '2025-12-13 14:00:00', '2025-12-13 14:00:00', '7070');

-- Attendances (출석, 다양한 상태)
INSERT INTO attendances (id, member_id, session_id, attended_at, status) VALUES
  (1, 1, 1, '2025-08-02 14:01:00', 'PRESENT'),
  (2, 2, 1, '2025-08-02 14:05:00', 'LATE'),
  (3, 3, 1, NULL, 'ABSENT'),
  (4, 4, 2, '2025-08-09 14:00:00', 'PRESENT'),
  (5, 5, 2, NULL, 'EXCUSED_ABSENT'),
  (6, 6, 3, '2025-08-16 14:02:00', 'PRESENT'),
  (7, 7, 3, '2025-08-16 14:10:00', 'LATE'),
  (8, 8, 4, NULL, 'ABSENT'),
  (9, 9, 4, '2025-08-23 14:00:00', 'PRESENT'),
  (10, 10, 5, '2025-08-30 14:00:00', 'PRESENT'),
  (11, 11, 5, NULL, 'EXCUSED_ABSENT'),
  (12, 12, 6, '2025-09-06 14:00:00', 'PRESENT'),
  (13, 13, 6, '2025-09-06 14:05:00', 'LATE'),
  (14, 14, 7, NULL, 'ABSENT'),
  (15, 15, 7, '2025-09-13 14:00:00', 'PRESENT'),
  (16, 16, 8, '2025-09-20 14:00:00', 'PRESENT'),
  (17, 17, 9, '2025-09-27 14:00:00', 'PRESENT'),
  (18, 18, 10, '2025-10-04 14:00:00', 'PRESENT'),
  (19, 19, 11, '2025-10-11 14:00:00', 'PRESENT'),
  (20, 20, 12, '2025-10-18 14:00:00', 'PRESENT');

-- Session Attachments (세션 첨부파일)
INSERT INTO session_attachments (session_attachment_id, session_id, idx, path, title) VALUES
  (1, 1, 1, '/files/ot.pdf', 'OT 자료'),
  (2, 2, 1, '/files/session2.pdf', '세션2 자료'),
  (3, 3, 1, '/files/session3.pdf', '세션3 자료'),
  (4, 4, 1, '/files/session4.pdf', '세션4 자료'),
  (5, 5, 1, '/files/session5.pdf', '세션5 자료'),
  (6, 6, 1, '/files/session6.pdf', '세션6 자료'),
  (7, 7, 1, '/files/session7.pdf', '세션7 자료'),
  (8, 8, 1, '/files/session8.pdf', '세션8 자료'),
  (9, 9, 1, '/files/session9.pdf', '세션9 자료'),
  (10, 10, 1, '/files/session10.pdf', '세션10 자료'),
  (11, 11, 1, '/files/session11.pdf', '세션11 자료'),
  (12, 12, 1, '/files/session12.pdf', '세션12 자료'),
  (13, 13, 1, '/files/session13.pdf', '세션13 자료'),
  (14, 14, 1, '/files/session14.pdf', '세션14 자료'),
  (15, 15, 1, '/files/session15.pdf', '세션15 자료'),
  (16, 16, 1, '/files/session16.pdf', '세션16 자료'),
  (17, 17, 1, '/files/session17.pdf', '세션17 자료'),
  (18, 18, 1, '/files/session18.pdf', '세션18 자료'),
  (19, 19, 1, '/files/session19.pdf', '세션19 자료'),
  (20, 20, 1, '/files/session20.pdf', '세션20 자료');
